-- =====================================================
-- СКРИПТ ЗАПОЛНЕНИЯ БАЗЫ ДАННЫХ ИППОДРОМА
-- Вариант 4. Тестовые данные для демонстрации функционала
-- =====================================================

-- Очистка таблиц (в обратном порядке зависимостей)
DELETE FROM PRIZE_DISTRIBUTION;
DELETE FROM RACES_HORSES_JOCKEYS;
DELETE FROM RACES;
DELETE FROM HORSES;
DELETE FROM JOCKEYS;
DELETE FROM OWNERS;
DELETE FROM USERS;

-- Сброс автоинкремента (для SQLite/PostgreSQL раскомментировать соответствующие строки)
-- SQLite: DELETE FROM sqlite_sequence WHERE name IN ('USERS','OWNERS','JOCKEYS','HORSES','RACES','RACES_HORSES_JOCKEYS','PRIZE_DISTRIBUTION');
-- PostgreSQL: ALTER SEQUENCE users_id_seq RESTART WITH 1; и т.д.

-- =====================================================
-- 1. ЗАПОЛНЕНИЕ ТАБЛИЦЫ USERS
-- =====================================================
INSERT INTO USERS (id, username, password, role) VALUES
(1, 'admin', 'hashed_password_admin_123', 'admin'),
(2, 'petrov_vv', 'hashed_password_petrov_456', 'owner'),
(3, 'ivanov_aa', 'hashed_password_ivanov_789', 'owner'),
(4, 'sidorova_ma', 'hashed_password_sidorova_012', 'owner'),
(5, 'smirnov_dk', 'hashed_password_smirnov_345', 'owner'),
(6, 'jockey_smirnov', 'hashed_password_js_111', 'jockey'),
(7, 'jockey_kuznetsov', 'hashed_password_jk_222', 'jockey'),
(8, 'jockey_popov', 'hashed_password_jp_333', 'jockey'),
(9, 'jockey_sokolov', 'hashed_password_js_444', 'jockey'),
(10, 'jockey_morozov', 'hashed_password_jm_555', 'jockey'),
(11, 'jockey_volkov', 'hashed_password_jv_666', 'jockey');

-- =====================================================
-- 2. ЗАПОЛНЕНИЕ ТАБЛИЦЫ OWNERS (ВЛАДЕЛЬЦЫ)
-- =====================================================
INSERT INTO OWNERS (id, name, last_name, middle_name, address, phone, user_id) VALUES
(1, 'Виктор', 'Петров', 'Васильевич', 'г. Москва, ул. Тверская, д. 15, кв. 42', '+7(916)123-45-67', 2),
(2, 'Александр', 'Иванов', 'Александрович', 'г. Москва, Ленинский пр-т, д. 78, кв. 12', '+7(903)234-56-78', 3),
(3, 'Мария', 'Сидорова', 'Андреевна', 'г. Москва, ул. Профсоюзная, д. 123, кв. 8', '+7(926)345-67-89', 4),
(4, 'Дмитрий', 'Смирнов', 'Константинович', 'Московская обл., г. Красногорск, ул. Ленина, д. 5', '+7(916)456-78-90', 5);

-- =====================================================
-- 3. ЗАПОЛНЕНИЕ ТАБЛИЦЫ HORSES (ЛОШАДИ)
-- =====================================================
INSERT INTO HORSES (id, nickname, age, experience_years, owner_id) VALUES
-- Лошади Петрова (owner_id = 1)
(1, 'Буран', 5, 2, 1),
(2, 'Вихрь', 7, 4, 1),
(3, 'Молния', 4, 1, 1),

-- Лошади Иванова (owner_id = 2)
(4, 'Гром', 6, 3, 2),
(5, 'Стрела', 8, 5, 2),

-- Лошади Сидоровой (owner_id = 3)
(6, 'Звезда', 5, 2, 3),
(7, 'Ласточка', 9, 6, 3),

-- Лошади Смирнова (owner_id = 4)
(8, 'Орёл', 4, 1, 4),
(9, 'Сокол', 6, 3, 4),
(10, 'Ястреб', 7, 4, 4);

-- =====================================================
-- 4. ЗАПОЛНЕНИЕ ТАБЛИЦЫ JOCKEYS (ЖОКЕИ)
-- =====================================================
INSERT INTO JOCKEYS (id, last_name, experience_years, birth_year, address, user_id) VALUES
(1, 'Смирнов', 15, 1985, 'г. Москва, ул. Ипподромная, д. 3, кв. 10', 6),
(2, 'Кузнецов', 12, 1988, 'г. Москва, ул. Беговая, д. 7, кв. 25', 7),
(3, 'Попов', 20, 1978, 'г. Москва, ул. Скаковая, д. 12, кв. 5', 8),
(4, 'Соколов', 8, 1992, 'г. Москва, Ленинградский пр-т, д. 45, кв. 78', 9),
(5, 'Морозов', 10, 1990, 'г. Москва, ул. Динамовская, д. 8, кв. 15', 10),
(6, 'Волков', 5, 1995, 'Московская обл., г. Химки, ул. Маяковского, д. 3, кв. 30', 11);

-- =====================================================
-- 5. ЗАПОЛНЕНИЕ ТАБЛИЦЫ RACES (ЗАБЕГИ)
-- =====================================================
INSERT INTO RACES (id, race_date, race_number, prize_fund) VALUES
(1, '2026-03-01 14:00:00', 1, 150000.00),
(2, '2026-03-01 15:30:00', 2, 200000.00),
(3, '2026-03-08 14:00:00', 3, 180000.00),
(4, '2026-03-15 14:00:00', 4, 250000.00),
(5, '2026-03-15 16:00:00', 5, 220000.00),
(6, '2026-03-22 14:00:00', 6, 300000.00),
(7, '2026-03-29 14:00:00', 7, 170000.00),
(8, '2026-04-05 14:00:00', 8, 280000.00),
(9, '2026-04-12 14:00:00', 9, 190000.00),
(10, '2026-04-12 16:00:00', 10, 350000.00);

-- =====================================================
-- 6. ЗАПОЛНЕНИЕ ТАБЛИЦЫ RACES_HORSES_JOCKEYS
-- (УЧАСТИЕ ЛОШАДЕЙ И ЖОКЕЕВ В ЗАБЕГАХ)
-- =====================================================
INSERT INTO RACES_HORSES_JOCKEYS (id, race_id, horse_id, jockey_id, position) VALUES
-- Забег 1 (2026-03-01, забег №1)
(1, 1, 1, 1, 1),   -- Буран, жокей Смирнов - 1 место
(2, 1, 4, 2, 2),   -- Гром, жокей Кузнецов - 2 место
(3, 1, 6, 3, 3),   -- Звезда, жокей Попов - 3 место
(4, 1, 8, 4, 4),   -- Орёл, жокей Соколов - 4 место

-- Забег 2 (2026-03-01, забег №2)
(5, 2, 2, 1, 2),   -- Вихрь, жокей Смирнов - 2 место
(6, 2, 5, 2, 1),   -- Стрела, жокей Кузнецов - 1 место
(7, 2, 7, 3, 3),   -- Ласточка, жокей Попов - 3 место
(8, 2, 9, 5, 4),   -- Сокол, жокей Морозов - 4 место

-- Забег 3 (2026-03-08, забег №3)
(9, 3, 3, 4, 2),   -- Молния, жокей Соколов - 2 место
(10, 3, 1, 1, 1),  -- Буран, жокей Смирнов - 1 место
(11, 3, 6, 2, 3),  -- Звезда, жокей Кузнецов - 3 место
(12, 3, 10, 6, 4), -- Ястреб, жокей Волков - 4 место

-- Забег 4 (2026-03-15, забег №4)
(13, 4, 5, 2, 1),  -- Стрела, жокей Кузнецов - 1 место
(14, 4, 2, 1, 3),  -- Вихрь, жокей Смирнов - 3 место
(15, 4, 9, 5, 2),  -- Сокол, жокей Морозов - 2 место
(16, 4, 7, 3, 4),  -- Ласточка, жокей Попов - 4 место

-- Забег 5 (2026-03-15, забег №5)
(17, 5, 4, 2, 1),  -- Гром, жокей Кузнецов - 1 место
(18, 5, 1, 1, 2),  -- Буран, жокей Смирнов - 2 место
(19, 5, 8, 4, 3),  -- Орёл, жокей Соколов - 3 место
(20, 5, 10, 6, 4), -- Ястреб, жокей Волков - 4 место

-- Забег 6 (2026-03-22, забег №6)
(21, 6, 5, 2, 1),  -- Стрела, жокей Кузнецов - 1 место
(22, 6, 1, 1, 2),  -- Буран, жокей Смирнов - 2 место
(23, 6, 6, 3, 3),  -- Звезда, жокей Попов - 3 место
(24, 6, 9, 5, 4),  -- Сокол, жокей Морозов - 4 место

-- Забег 7 (2026-03-29, забег №7)
(25, 7, 1, 1, 1),  -- Буран, жокей Смирнов - 1 место
(26, 7, 7, 3, 2),  -- Ласточка, жокей Попов - 2 место
(27, 7, 3, 4, 3),  -- Молния, жокей Соколов - 3 место
(28, 7, 10, 6, 4), -- Ястреб, жокей Волков - 4 место

-- Забег 8 (2026-04-05, забег №8)
(29, 8, 5, 2, 2),  -- Стрела, жокей Кузнецов - 2 место
(30, 8, 4, 1, 1),  -- Гром, жокей Смирнов - 1 место
(31, 8, 2, 5, 3),  -- Вихрь, жокей Морозов - 3 место
(32, 8, 6, 3, 4),  -- Звезда, жокей Попов - 4 место

-- Забег 9 (2026-04-12, забег №9)
(33, 9, 1, 1, 1),  -- Буран, жокей Смирнов - 1 место
(34, 9, 8, 4, 2),  -- Орёл, жокей Соколов - 2 место
(35, 9, 9, 5, 3),  -- Сокол, жокей Морозов - 3 место
(36, 9, 3, 2, 4),  -- Молния, жокей Кузнецов - 4 место

-- Забег 10 (2026-04-12, забег №10)
(37, 10, 5, 2, 1), -- Стрела, жокей Кузнецов - 1 место
(38, 10, 2, 1, 2), -- Вихрь, жокей Смирнов - 2 место
(39, 10, 7, 3, 3), -- Ласточка, жокей Попов - 3 место
(40, 10, 10, 6, 4);-- Ястреб, жокей Волков - 4 место

-- Сообщение об успешном завершении
SELECT 'База данных успешно заполнена тестовыми данными!' AS result;